method,DTW-KNN,KERNEL,NN,RF,SHAPELET,TS-RF
Ada,-0.014017190199971,0.0042657758614644,0.0924057690937989,-0.0028245310145934,-0.0621599262230181,-0.007879157826468
DTW-SMOTE,0.0097606953187251,0.0120595038144408,0.1093022960112457,0.0051965258305212,-0.2421408273680659,0.0010040907829721
GAN,0.0379196526753097,0.0081474207156765,0.0834145611281357,-0.0038693618832995,-0.136190535871064,0.0021222827188636
Jit,0.0,-0.0317928677558642,0.1088130423659957,-0.0129127175001134,-0.3252563896820808,0.0002873639789235
ROS,0.0152711283682679,0.0054127975601571,0.0946493688324863,0.0063588814298188,-0.2421408273680659,-0.0024022541575506
SMOTE,0.0209483409711246,0.0074897421838837,0.1039923335907603,0.0007906186719265,-0.2421408273680659,-0.0010864034968548
TW,0.0,-1.584554857192444e-05,0.1064592245515333,-0.0013918810704041,0.0,-0.0017611369445885
